{
  "mlp": {
    "accuracy": 0.9903844958542073,
    "fpr": 0.01267042,
    "fnr": 0.00786157,
    "tpr": 0.99213843,
    "tnr": 0.98732958,
    "epochs": 3000
  },
  "svm": {
    "accuracy": 0.9609375,
    "fpr": 0.06382979,
    "fnr": 0.02469736,
    "tpr": 0.97530864,
    "tnr": 0.93617021
  },
  "linear_regression": {
    "accuracy": 0.9609375,
    "fpr": 0.10204082,
    "fnr": 0,
    "tpr": 1.0,
    "tnr": 0.89795918
  },
  "softmax_regression": {
    "accuracy": 0.9765625,
    "fpr": 0.05769231,
    "fnr": 0,
    "tpr": 1.0,
    "tnr": 0.94230769
  },
  "gru_svm": {
    "accuracy": 0.9375,
    "fpr": 0.16666667,
    "fnr": 0,
    "tpr": 1.0,
    "tnr": 0.83333333
  }
}
