{
  "mlp": {
    "accuracy": 0.9903844958542073,
    "fpr": 0.01267042,
    "fnr": 0.00786157,
    "tpr": 0.99213843,
    "tnr": 0.98732958,
    "epochs": 3000
  }
}
