model,run_mode,accuracy,precision,recall,f1_score
knn,paper,0.956140350877193,0.958904109589041,0.9722222222222222,0.9655172413793104
